{"cifar10": {"Top1": 83.04, "Top5": 98.44000000000001}, "cifar100": {"Top1": 52.339999999999996, "Top5": 79.29}}