{"cifar10": {"Top1": 58.120000000000005, "Top5": 94.03}, "cifar100": {"Top1": 27.51, "Top5": 56.61000000000001}}