{"cifar10": {"Top1": 81.03, "Top5": 95.30999999999999}, "cifar100": {"Top1": 47.589999999999996, "Top5": 73.87}}