{"cifar10": {"Top1": 77.05, "Top5": 98.07000000000001}, "cifar100": {"Top1": 45.08, "Top5": 74.92999999999999}}