{"cifar10": {"Top1": 95.05, "Top5": 99.53999999999999}, "cifar100": {"Top1": 69.6, "Top5": 90.42999999999999}}